O/F Avz,Pemb Bon Ryan Mx,Shell Hx 5,Shell Hx 5,Mesran B 10l
O/F Avz,Air Aki Zuur,Cup Radiator Avz Nd,Meditran S 5l,Handle Bak St
Engine Flush,Shell Hx 5,E/M R3 PHK,O/F Livina,Kl R.13
Prima Xp 10W,Shell Hx 7 ,Prima Xp 20W,O/F Avz,Gold Shine Beat
Rored 90,Prestone 10W,F/F Elf,E/M Livina Blk,H11 Php
F/B Futura,O/F Apv,Shell Hx 5,Rored 90,Flasher Sen Rino 12v
Mobil Spesial 20W,Shell Ax Scooter,Rored 90,Minyak Rem,A/f Rino Saurus G
Shell Hx 5,Tespen,O/F Apv,Insulog,Brake Pad Calya Mk
O/F Avz,Coil K3 Biasa,Full Set Apv,Soket Kabel,Dekrup Granamx g
Engine Flush,Kl R.13,BKR6E11,Honda 0W,Prima Xp 20W
Platina,Selang Meteran,Shell Hx 7,O/F Honda,Seal krek As Avz
Kondensor,Bon Vandydar,O/F Xenia,A/F Mobilio,Vbelt veloz G
W16,Mesran Super,Set Kopling Avz 1.3 G,F/Ac Mobilio,6203 Koyo
A/F 5K,Soket H4,Vbelt 4pk 1735 G,Brake pad Mobilo Birkens,Metal Jalan Apv
F/B Futura,Fitting Lamp,B/M Assy Innova Mnl TRW,Minyak Rem,Seal Klep Apv
Carb Clean,Shell Hx 6,Support Livina,Talang Air Traga,F/B Fut Inj
Tespen Tkr,Minyak Rem,Bohlam Stanlee,H4 Php,F/B Kijang
Enduro 4T,O/F Avz,Shell Hx 5,Soket H4,C/O Kit 7K
Win 20W,Compon Kit,O/F Granmax,Rellay Bosch,C/O Kit 5K
GT 14.700,Belt Dressing,3400 bando,Plastik Bamper Kf Grand R Rl,C/M Kit 5K
Kl R.14,Rored 90 ,Prima Xp 20W,Plipit Kaca Kf,F/B Kijang
Antena Veloz,O/F Kijang,4pk 815,Mobil Super 5W-30,Regulator Kaca Kf Rh
Shell Hx 7,Tatakan Per Keong Avz Kuning,6205 Nsk,Meditran SC 5l,Putaran Kaca
O/F Avz,Shell Hx 5,Carb Clean,O/F Panther 2.5,Kabel Massa 50cm
Engine Conditioner,O/F Avz,Handle Luar Avz,F/F Elf,Battery remot
Sikring,Busi Pemanas GI-031B,6301 Nsk,A 32,Boot As Roda Dalem
H4 Php 100/130,F/F L300,Head Lamp Granmax Lh,Carb Clean,K20PRu
Rellay Set,O/F PS100,Coolant mega,W16,W16
Lamp Led 3Mata,O/F Avz,H4 Php,Sparkbor Futura G,Boot rack
Foglamp Kotak,P. Ttp Klep Avz,Bohlam Philips,Prima Xp 10W,Soket H4
Lamp Led Merah,Coolant mega,TMO 0W,A/F Avz,Prima Xp 20W
Kabel,Bohlam Stanlee,A/F Avz 2017,F/Ac Veloz,Flasher Sen 7k
Solasi bakar,Minyak Rem,O/F Avz,Wiper nd,Shell Hx 7
Bos rack Fut,2345 bando,F/Ac R3,O/F Avz,Shell Hx 7
H3 Php,GT 13.600,Wurth Inj,TMO 10W,O/F Kijang
Soket K4,Kl R.13,Win 90,TMO 10W,C/M Kit 5K
GS Premium 55D23L,Plat Kopling Granmax G,Slongsong kabel,Carb Clean,Minyak rem
Bearings R Katana,Dexlaher Avz,Slongsong kabel,Burgari Inj,E/M Avz Rh Avz
C035,Air Aki Zuur,Prima Xp 20W,TMO 10W,Evalube 90
Seal Roda r Katana,Kl R.13,Mesran B 5l,TMO 10W,Karet Support Avz
Win 90,W16,Prima Xp 10W,Noozle Avz,Kit Carb 7K Jp
GS Hybird N50Z,Cup Radiator,Minyak Rem,O/F Innova D2,Carb Clean
Shell Hx 6,Carb Clean,A/F Futura Inj,Psf Stop Leak Prestone,mata Shok 16
Shell Hx 5,Puller,2275 bando,Tie Rod Granmax ,Rored 90
Brake Shoe Avz G,Prima Xp 20W,3pk 625,Seal P. Steering Rush,Mesran B 1l
Rimulla,Stopper Shock,4pk 715,Tespen,Spuyer 
Rored 90,Slobong Shock ,Baut 12,Sealler,Switch Mundur Avz
O/F Panther 2.5,Seal Shock St,Rellay Bosch,Tie Rod Livina,Motor Van Avz
Bohlam Philips,Oring Filter Suzuki,Wiper R Avz,6303 Nsk,Shell Hx 5
Battery 27a,Oil Shock,Lamp Seri,Cool Brush Stater,O/F r3
Tie Rod panther Jp,6pk 1640 G,Crystal Jk,FJ316,Tensioner Avz
Karet Per R Pth/Kf ,Castrol Magnatec 10W,Handle In Kuda Rh,Gemuk,Win 90
Brake Shoe Espass,Ac Clean,Vbelt 4pk 1735 G,Nitto,Handle Bagasi R3
Oring Filter,Burgari Inj,Oli Hydraulic,ACS0304,Shell hx 6
Shell Hx 5,O/F Avz,Top 1 Atf MV,Kabel,P. Knalpot
Shell Hx 6,Aibon,Win 20W,Tie Rod Avz,Skun Kabel
Shell hx 7,Fastron 10W,Win 20W,Rack End Avz,Jumbo treatmen
TMO 10W,F/Ac Veloz,A/F Avz,T/M Terios Rh,Total 20W
Shell Hx 5,O/F Avz,Carb Clean,Gforce NS60,P. Ttp klep
Shell Hx 7,Engine Flush,Belt Dressing,Joint Stir,Mpx 2
Coolant Mega,Aspira Exposio,Doorlock Granmax,Oring Delco,Gear Honda
Gforce Premium N50Z,Sikring Mini,Minyak Rem,Putaran kaca,Lamp Plat
Support Futura,TMO 10W,Handle Pull St,Rellay Bosch,Fastron
Stopper Fut,TMO 5W,Bohlam Philips,Soket Rellay,Bos Sayap Avz
Carb Clean,Oring Filter Avz,Gromet Steering Avz,P. Ttp Klep Fut,Ball Joint Avz
Platina,TMO 10W,A/F Avz,Mika Stop Fut,Stabilateral
C/m Kit 5K,Doorlock 5K Rh,Shell Hx 5,Win Sae 90,Carb Clean
Rellay Set,Flasher 7K,Busi Nissan,Karpet Lantai Futura,Shell Hx 7
Box Rellay,Ball Joint Granmax,Brake Shoe Livina,Karpet Trd,O/F brio
Kabel,Brake Pad Avz,Minyak Rem,Castrol Magnatec 10W,Carb Clean
Shell Hx 6,Prestone 10W,Carb Clean,Yuasa Pafecta NS40Zl,Wd 40
Rored 90,O/F Avz,47575R,H8 Lezen,master Coolant
Shell Spirax 90,Shell Hx 6,O/F Nissan,Wiper nd,ZFR5F11
F/Ac Avz,Bearings Roda R Granmax,Bearings R 5K,Threebond,Minyak rem
O/F Avz,Com Granmax,C014,Brake Pad Avz Mk,3400 bando
Set Kopling Avz 1.3 G Dht,O/F Vios,Minyak Rem,Shell Hx 7,Idle Arm Jp
Ball joint Granmax Jp,Wahser Kf,3536R,O/F Rush,Tie Rod 7K
E/M Granmax Rh,Parkit Carb 5K Grand,Seal Roda R Kf,F/Ac Rush,Rack Stir Futura
E/M Granmax Lh,3460 bamdo,C/O Assy L300,Wurth Inj,3360 bando
T/M Granmax,2350 G,P. As Roda PS100,GS MF NS60,Lower Arm Granmax 
Flasher St,3400 Bando,Lamp Box 24v,Air Aki Zuur,4pk 815
A/F Avz,P. Ttp Klep Avz,Bohlam Stanlee,Selang radiator,Gs hybird NS70
Link Stabil Avz Jp,P. Ttp Klep Innv G,Mika Stop St PU,Rack End Calya,Semir ban Kit
Wiper Nd,Seal Busi Innv,Mika Sen PS135,Lower Arm Apv G,Shampoo Kit
Xu22,Burgari Inj,Seal P. Steering Avz low,Mata Shock 21,Kepala Aki
Fastron,P. Head Apv,HB4,A/F Honda,F/B S89
Shell hx 7,Selang radiator Kf 20,Bohlam Philips,Bohlam Stanlee,Carb Clean
Rored 90,Threebond,Lamp Plafon,GS Hybird N50Z,Rimulla
Shell Hx 6,Minyak Rem,A 48,Karet Shockbreaker,F/F PS100 Low
O/F Avz,Kabel Coil,A 49,Stop Lamp Kf,F/F Hino
Starter Assy 7K Tsunwa,Klem Selang,H16,Kabel,Carb Clean
Bos Sayap Granmax,Selang Abu,H7 Php,Nitto,Carb Clean
Flasher Sen canter,2350 G,Plat Bolong,Soket H4,Shell Spirax CVt
Soket K6,Breket Aki Big,Coil Vios G,Brake Shoe Kf,Semir ban Kit
Kunci Pintu Raiton 3P,Sealler,W/C Kijang,Vacum Delco 7K nd,Bos Stir St
Minyak Rem,6301 nsk,Minyak Rem,Fastron LCGC,Prima Xp 20W
Ecstar 10W,Worm Stir Futura,Pistone Kaliper Kf,O/F Avz,Seal krek As R Avz
A/F Fut Inj,Minyak Rem,Kaliperkit Kf,A/F Avz,Seal Pully Avz
O/F Apv,Lamp Box,Minyak Rem,Burgari Inj,O/F Avz
F/Ac R3,Link Stabil Avz,Brake pad Kf,Atf Win,Baut Roda
Mesran Super,W/C R Avz Advics,Selang Fleksible 7K,Rored 90,Bohlam Stanlee
A 38,C/O Assy Granmax,O/F Kijang,Castrol Magntec,Carb Clean
Oli Mesin Drum,Minyak Rem,Shell Hx 5,O/F Avz,Shell Hx 5
Oli Mesin Drum,Fuel Pump S89 Nd,Wurth Coolant,Threebond,A/F jazz
Yoke Sleeve kf,6205 Nkn,Oring,Wurth Inj,O/F jazz
GUT 13,Gemuk Kcl,Support R3,XU22,P. karter
Seal Transmisi R Kf,Shell Hx 6,Stopper Shock Avz,Selang Meteran,P. top Set
Win 90,O/F Avz,Meditran S 5l,Selang Fuel,Amril
Talang Air Kijang,A/F Avz 2017,O/F panther 2.3,Coil Apv G,Support Avz
Liner All New Avz Rh,F/Ac R3,Shell Hx 7,Kabel Busi Apv,Link Stabil
H4 Php,Prima Xp 20W,A/F Avz 2017,Coil Granmax,Shell Hx 7
Seal krek As R Granmax,Carb Clean,Wd 40,Xu22,O/F Avz
Carb Clean,Karet Ganjel bagasi,F/Ac Avz,Link Stabil R3,Air Aki
Yuasa pafecta NS40ZL,Shock F Avz All New,Carb Clean,Plat Kopling 5K,3490 bando
ISC Granmax G,Kabel Km Panther G,O/F Avz,Dekrup 5K,Soket kabel
Gemuk pel,Klakson Nd,Link Stabil Livina,Dexlaher kf,Lamp Sen Kf Grand
Wiper R Avz Bosch,Rellay hella,Ring Solar,Gemuk Kcl,Kabel Massa 50cm
Slongsong Coil Livina,Soket rellay,Prima Xp 20W,Seal Krek As R Kijang,Air Aki
6202 Nsk,Soket k1,O/F Kijang,GUT 13,Plat Kopling L300D G
B-15 Nsk,Skun kabel,3390 bando,Oli mesin Drum,Dekrup L300D G
TMO 10W,Rored 90 ,Fastron,T/M Granmax G,Dexlaher L300
Meditran S 10l,Minyak Rem,Brake Pad Avz Bendix,Deexlaher Granmax,Mesran B 4l
Threebond,Gemuk Top,H4 Php,Win 90 1l,Switch Oli
6305 nsk,Nitto,HB4,GS Hybiird NS40Z,Mesran Super
5465 bando,Seal Transmisi F Avz,H11 ,O/F St,Mesran B
Gemuk pel,Shell Hx 5,Selang Rem,Shell Hx 5,TMO 10W
Shell Hx 5,O/F Nissan,Minyak rem,Carb Clean,Mesran Super
6203 nsk,Total 20W,Coolant mega,Threebond,Shell hx 7
Burgari Inj,Pipa Radiator,6000 Ntn,Sel tape,O/F Avz
Mata Shok 24,H11 24V,Wiper Nd,Bohlam Plafon,Support Avz
Mata Shok 8,A/F Avz,Rored 90,Karet per Keong Avz ,Link Stabil Avz
Brake Pad Avz,H4 Php,Kabel Roll,Stabilateral Avz,O/F Avz Dht
Brake Shoe Agya,Burgari Inj,Slongsong kabel,Booster St100,Threebond
Castrol Magnatec,Wiper nd,Slongsong kabel,A/F canter,Head Pompa Solar L300
Burgari Inj,Bohlam Stanlee,A/F Elf,Sealler,Plipit Kaca Avz 2011
Carb Clean,Coolant mega,F/F Elf,Klem Selang,Ratak Birkens
Shell Hx 6,H11 RWb,Coil Cadic Avz Non vvti,Coolant Mega,Kabel Gas Fut
Coolant mega,Ac Clean,Selang Fleksible Rem,Minyak Rem,Prima Xp 20W
Stopper Shok Avz,Wd 40,Shockbreaker F Avz 2012,Siwtch Temo Avz g,Draglink Panther
Bohlam Stanlee,P. Ttp Klep yaris G,Rellay Bosch,Brake Pad Avz Mk,KR6A
shel hx 5,Nitto,Castrol Magnatec,Brake Shoe Avz,P. Ttp Klep R3
Carb Clean,Slongsong kabel,O/F Tis,Coolant master,Bos Stir Fut G
bon pak ardi,Minyak Rem,Meditran S 5l,Water Pump 7K,Putaran Kaca
klakson disc,C/M Kit PS100,Selang radiator Xenia 1.0 G,Sealler kcl,Knop Pintu
Pemb Bon Ryan Mx,Shell Hx 5,O/F Avz,Shell Hx 5,Pemb Bon Ryan Mx
Air Aki Zuur,Meditran S 5l,O/F Avz,Cup Radiator Avz Nd,Air Aki Zuur
Shell Hx 5,O/F Livina,Engine Flush,E/M R3 PHK,Shell Hx 5
Shell Hx 7 ,O/F Avz,Prima Xp 10W,Prima Xp 20W,Shell Hx 7 
Prestone 10W,E/M Livina Blk,Rored 90,F/F Elf,Prestone 10W
O/F Apv,Rored 90,F/B Futura,Shell Hx 5,O/F Apv
Shell Ax Scooter,Minyak Rem,Mobil Spesial 20W,Rored 90,Shell Ax Scooter
Tespen,Insulog,Shell Hx 5,O/F Apv,Tespen
Coil K3 Biasa,Soket Kabel,O/F Avz,Full Set Apv,Coil K3 Biasa
Kl R.13,Honda 0W,Engine Flush,BKR6E11,Kl R.13
Selang Meteran,O/F Honda,Platina,Shell Hx 7,Selang Meteran
Bon Vandydar,A/F Mobilio,Kondensor,O/F Xenia,Bon Vandydar
Mesran Super,F/Ac Mobilio,W16,Set Kopling Avz 1.3 G,Mesran Super
Soket H4,Brake pad Mobilo Birkens,A/F 5K,Vbelt 4pk 1735 G,Soket H4
Fitting Lamp,Minyak Rem,F/B Futura,B/M Assy Innova Mnl TRW,Fitting Lamp
Shell Hx 6,Talang Air Traga,Carb Clean,Support Livina,Shell Hx 6
Minyak Rem,H4 Php,Tespen Tkr,Bohlam Stanlee,Minyak Rem
O/F Avz,Soket H4,Enduro 4T,Shell Hx 5,O/F Avz
Compon Kit,Rellay Bosch,Win 20W,O/F Granmax,Compon Kit
Belt Dressing,Plastik Bamper Kf Grand R Rl,GT 14.700,3400 bando,Belt Dressing
Rored 90 ,Plipit Kaca Kf,Kl R.14,Prima Xp 20W,Rored 90 
O/F Kijang,Mobil Super 5W-30,Antena Veloz,4pk 815,O/F Kijang
Tatakan Per Keong Avz Kuning,Meditran SC 5l,Shell Hx 7,6205 Nsk,Tatakan Per Keong Avz Kuning
Shell Hx 5,O/F Panther 2.5,O/F Avz,Carb Clean,Shell Hx 5
O/F Avz,F/F Elf,Engine Conditioner,Handle Luar Avz,O/F Avz
Busi Pemanas GI-031B,A 32,Sikring,6301 Nsk,Busi Pemanas GI-031B
F/F L300,Carb Clean,H4 Php 100/130,Head Lamp Granmax Lh,F/F L300
O/F PS100,W16,Rellay Set,Coolant mega,O/F PS100
O/F Avz,Sparkbor Futura G,Lamp Led 3Mata,H4 Php,O/F Avz
P. Ttp Klep Avz,Prima Xp 10W,Foglamp Kotak,Bohlam Philips,P. Ttp Klep Avz
Coolant mega,A/F Avz,Lamp Led Merah,TMO 0W,Coolant mega
Bohlam Stanlee,F/Ac Veloz,Kabel,A/F Avz 2017,Bohlam Stanlee
Minyak Rem,Wiper nd,Solasi bakar,O/F Avz,Minyak Rem
2345 bando,O/F Avz,Bos rack Fut,F/Ac R3,2345 bando
GT 13.600,TMO 10W,H3 Php,Wurth Inj,GT 13.600
Kl R.13,TMO 10W,Soket K4,Win 90,Kl R.13
Plat Kopling Granmax G,Carb Clean,GS Premium 55D23L,Slongsong kabel,Plat Kopling Granmax G
Dexlaher Avz,Burgari Inj,Bearings R Katana,Slongsong kabel,Dexlaher Avz
Air Aki Zuur,TMO 10W,C035,Prima Xp 20W,Air Aki Zuur
Kl R.13,TMO 10W,Seal Roda r Katana,Mesran B 5l,Kl R.13
W16,Noozle Avz,Win 90,Prima Xp 10W,W16
Cup Radiator,O/F Innova D2,GS Hybird N50Z,Minyak Rem,Cup Radiator
Carb Clean,Psf Stop Leak Prestone,Shell Hx 6,A/F Futura Inj,Carb Clean
Puller,Tie Rod Granmax ,Shell Hx 5,2275 bando,Puller
Prima Xp 20W,Seal P. Steering Rush,Brake Shoe Avz G,3pk 625,Prima Xp 20W
Stopper Shock,Tespen,Rimulla,4pk 715,Stopper Shock
Slobong Shock ,Sealler,Rored 90,Baut 12,Slobong Shock 
Seal Shock St,Tie Rod Livina,O/F Panther 2.5,Rellay Bosch,Seal Shock St
Oring Filter Suzuki,6303 Nsk,Bohlam Philips,Wiper R Avz,Oring Filter Suzuki
Oil Shock,Cool Brush Stater,Battery 27a,Lamp Seri,Oil Shock
6pk 1640 G,FJ316,Tie Rod panther Jp,Crystal Jk,6pk 1640 G
Castrol Magnatec 10W,Gemuk,Karet Per R Pth/Kf ,Handle In Kuda Rh,Castrol Magnatec 10W
Ac Clean,Nitto,Brake Shoe Espass,Vbelt 4pk 1735 G,Ac Clean
Burgari Inj,ACS0304,Oring Filter,Oli Hydraulic,Burgari Inj
O/F Avz,Kabel,Shell Hx 5,Top 1 Atf MV,O/F Avz
Aibon,Tie Rod Avz,Shell Hx 6,Win 20W,Aibon
Fastron 10W,Rack End Avz,Shell hx 7,Win 20W,Fastron 10W
F/Ac Veloz,T/M Terios Rh,TMO 10W,A/F Avz,F/Ac Veloz
O/F Avz,Gforce NS60,Shell Hx 5,Carb Clean,O/F Avz
Engine Flush,Joint Stir,Shell Hx 7,Belt Dressing,Engine Flush
Aspira Exposio,Oring Delco,Coolant Mega,Doorlock Granmax,Aspira Exposio
Sikring Mini,Putaran kaca,Gforce Premium N50Z,Minyak Rem,Sikring Mini
TMO 10W,Rellay Bosch,Support Futura,Handle Pull St,TMO 10W
TMO 5W,Soket Rellay,Stopper Fut,Bohlam Philips,TMO 5W
Oring Filter Avz,P. Ttp Klep Fut,Carb Clean,Gromet Steering Avz,Oring Filter Avz
TMO 10W,Mika Stop Fut,Platina,A/F Avz,TMO 10W
Doorlock 5K Rh,Win Sae 90,C/m Kit 5K,Shell Hx 5,Doorlock 5K Rh
Flasher 7K,Karpet Lantai Futura,Rellay Set,Busi Nissan,Flasher 7K
Ball Joint Granmax,Karpet Trd,Box Rellay,Brake Shoe Livina,Ball Joint Granmax
Brake Pad Avz,Castrol Magnatec 10W,Kabel,Minyak Rem,Brake Pad Avz
Prestone 10W,Yuasa Pafecta NS40Zl,Shell Hx 6,Carb Clean,Prestone 10W
O/F Avz,H8 Lezen,Rored 90,47575R,O/F Avz
Shell Hx 6,Wiper nd,Shell Spirax 90,O/F Nissan,Shell Hx 6
Bearings Roda R Granmax,Threebond,F/Ac Avz,Bearings R 5K,Bearings Roda R Granmax
Com Granmax,Brake Pad Avz Mk,O/F Avz,C014,Com Granmax
O/F Vios,Shell Hx 7,Set Kopling Avz 1.3 G Dht,Minyak Rem,O/F Vios
Wahser Kf,O/F Rush,Ball joint Granmax Jp,3536R,Wahser Kf
Parkit Carb 5K Grand,F/Ac Rush,E/M Granmax Rh,Seal Roda R Kf,Parkit Carb 5K Grand
3460 bamdo,Wurth Inj,E/M Granmax Lh,C/O Assy L300,3460 bamdo
2350 G,GS MF NS60,T/M Granmax,P. As Roda PS100,2350 G
3400 Bando,Air Aki Zuur,Flasher St,Lamp Box 24v,3400 Bando
P. Ttp Klep Avz,Selang radiator,A/F Avz,Bohlam Stanlee,P. Ttp Klep Avz
P. Ttp Klep Innv G,Rack End Calya,Link Stabil Avz Jp,Mika Stop St PU,P. Ttp Klep Innv G
Seal Busi Innv,Lower Arm Apv G,Wiper Nd,Mika Sen PS135,Seal Busi Innv
Burgari Inj,Mata Shock 21,Xu22,Seal P. Steering Avz low,Burgari Inj
P. Head Apv,A/F Honda,Fastron,HB4,P. Head Apv
Selang radiator Kf 20,Bohlam Stanlee,Shell hx 7,Bohlam Philips,Selang radiator Kf 20
Threebond,GS Hybird N50Z,Rored 90,Lamp Plafon,Threebond
Minyak Rem,Karet Shockbreaker,Shell Hx 6,A 48,Minyak Rem
Kabel Coil,Stop Lamp Kf,O/F Avz,A 49,Kabel Coil
Klem Selang,Kabel,Starter Assy 7K Tsunwa,H16,Klem Selang
Selang Abu,Nitto,Bos Sayap Granmax,H7 Php,Selang Abu
2350 G,Soket H4,Flasher Sen canter,Plat Bolong,2350 G
Breket Aki Big,Brake Shoe Kf,Soket K6,Coil Vios G,Breket Aki Big
Sealler,Vacum Delco 7K nd,Kunci Pintu Raiton 3P,W/C Kijang,Sealler
6301 nsk,Fastron LCGC,Minyak Rem,Minyak Rem,6301 nsk
Worm Stir Futura,O/F Avz,Ecstar 10W,Pistone Kaliper Kf,Worm Stir Futura
Minyak Rem,A/F Avz,A/F Fut Inj,Kaliperkit Kf,Minyak Rem
Lamp Box,Burgari Inj,O/F Apv,Minyak Rem,Lamp Box
Link Stabil Avz,Atf Win,F/Ac R3,Brake pad Kf,Link Stabil Avz
W/C R Avz Advics,Rored 90,Mesran Super,Selang Fleksible 7K,W/C R Avz Advics
C/O Assy Granmax,Castrol Magntec,A 38,O/F Kijang,C/O Assy Granmax
Minyak Rem,O/F Avz,Oli Mesin Drum,Shell Hx 5,Minyak Rem
Fuel Pump S89 Nd,Threebond,Oli Mesin Drum,Wurth Coolant,Fuel Pump S89 Nd
6205 Nkn,Wurth Inj,Yoke Sleeve kf,Oring,6205 Nkn
Gemuk Kcl,XU22,GUT 13,Support R3,Gemuk Kcl
Shell Hx 6,Selang Meteran,Seal Transmisi R Kf,Stopper Shock Avz,Shell Hx 6
O/F Avz,Selang Fuel,Win 90,Meditran S 5l,O/F Avz
A/F Avz 2017,Coil Apv G,Talang Air Kijang,O/F panther 2.3,A/F Avz 2017
F/Ac R3,Kabel Busi Apv,Liner All New Avz Rh,Shell Hx 7,F/Ac R3
Prima Xp 20W,Coil Granmax,H4 Php,A/F Avz 2017,Prima Xp 20W
Carb Clean,Xu22,Seal krek As R Granmax,Wd 40,Carb Clean
Karet Ganjel bagasi,Link Stabil R3,Carb Clean,F/Ac Avz,Karet Ganjel bagasi
Shock F Avz All New,Plat Kopling 5K,Yuasa pafecta NS40ZL,Carb Clean,Shock F Avz All New
Kabel Km Panther G,Dekrup 5K,ISC Granmax G,O/F Avz,Kabel Km Panther G
Klakson Nd,Dexlaher kf,Gemuk pel,Link Stabil Livina,Klakson Nd
Rellay hella,Gemuk Kcl,Wiper R Avz Bosch,Ring Solar,Rellay hella
Soket rellay,Seal Krek As R Kijang,Slongsong Coil Livina,Prima Xp 20W,Soket rellay
Soket k1,GUT 13,6202 Nsk,O/F Kijang,Soket k1
Skun kabel,Oli mesin Drum,B-15 Nsk,3390 bando,Skun kabel
Rored 90 ,T/M Granmax G,TMO 10W,Fastron,Rored 90 
Minyak Rem,Deexlaher Granmax,Meditran S 10l,Brake Pad Avz Bendix,Minyak Rem
Gemuk Top,Win 90 1l,Threebond,H4 Php,Gemuk Top
Nitto,GS Hybiird NS40Z,6305 nsk,HB4,Nitto
Seal Transmisi F Avz,O/F St,5465 bando,H11 ,Seal Transmisi F Avz
Shell Hx 5,Shell Hx 5,Gemuk pel,Selang Rem,Shell Hx 5
O/F Nissan,Carb Clean,Shell Hx 5,Minyak rem,O/F Nissan
Total 20W,Threebond,6203 nsk,Coolant mega,Total 20W
Pipa Radiator,Sel tape,Burgari Inj,6000 Ntn,Pipa Radiator
H11 24V,Bohlam Plafon,Mata Shok 24,Wiper Nd,H11 24V
A/F Avz,Karet per Keong Avz ,Mata Shok 8,Rored 90,A/F Avz
H4 Php,Stabilateral Avz,Brake Pad Avz,Kabel Roll,H4 Php
Burgari Inj,Booster St100,Brake Shoe Agya,Slongsong kabel,Burgari Inj
Wiper nd,A/F canter,Castrol Magnatec,Slongsong kabel,Wiper nd
Bohlam Stanlee,Sealler,Burgari Inj,A/F Elf,Bohlam Stanlee
Coolant mega,Klem Selang,Carb Clean,F/F Elf,Coolant mega
H11 RWb,Coolant Mega,Shell Hx 6,Coil Cadic Avz Non vvti,H11 RWb
Ac Clean,Minyak Rem,Coolant mega,Selang Fleksible Rem,Ac Clean
Wd 40,Siwtch Temo Avz g,Stopper Shok Avz,Shockbreaker F Avz 2012,Wd 40
P. Ttp Klep yaris G,Brake Pad Avz Mk,Bohlam Stanlee,Rellay Bosch,P. Ttp Klep yaris G
Nitto,Brake Shoe Avz,shel hx 5,Castrol Magnatec,Nitto
Slongsong kabel,Coolant master,Carb Clean,O/F Tis,Slongsong kabel
Minyak Rem,Water Pump 7K,bon pak ardi,Meditran S 5l,Minyak Rem
C/M Kit PS100,Sealler kcl,klakson disc,Selang radiator Xenia 1.0 G,C/M Kit PS100
O/F Avz,O/F Avz,Pemb Bon Ryan Mx,Mesran B 10l,Shell Hx 5
O/F Avz,O/F Avz,Air Aki Zuur,Handle Bak St,Meditran S 5l
Engine Flush,Engine Flush,Shell Hx 5,Kl R.13,O/F Livina
Prima Xp 10W,Prima Xp 10W,Shell Hx 7 ,Gold Shine Beat,O/F Avz
Rored 90,Rored 90,Prestone 10W,H11 Php,E/M Livina Blk
F/B Futura,F/B Futura,O/F Apv,Flasher Sen Rino 12v,Rored 90
Mobil Spesial 20W,Mobil Spesial 20W,Shell Ax Scooter,A/f Rino Saurus G,Minyak Rem
Shell Hx 5,Shell Hx 5,Tespen,Brake Pad Calya Mk,Insulog
O/F Avz,O/F Avz,Coil K3 Biasa,Dekrup Granamx g,Soket Kabel
Engine Flush,Engine Flush,Kl R.13,Prima Xp 20W,Honda 0W
Platina,Platina,Selang Meteran,Seal krek As Avz,O/F Honda
Kondensor,Kondensor,Bon Vandydar,Vbelt veloz G,A/F Mobilio
W16,W16,Mesran Super,6203 Koyo,F/Ac Mobilio
A/F 5K,A/F 5K,Soket H4,Metal Jalan Apv,Brake pad Mobilo Birkens
F/B Futura,F/B Futura,Fitting Lamp,Seal Klep Apv,Minyak Rem
Carb Clean,Carb Clean,Shell Hx 6,F/B Fut Inj,Talang Air Traga
Tespen Tkr,Tespen Tkr,Minyak Rem,F/B Kijang,H4 Php
Enduro 4T,Enduro 4T,O/F Avz,C/O Kit 7K,Soket H4
Win 20W,Win 20W,Compon Kit,C/O Kit 5K,Rellay Bosch
GT 14.700,GT 14.700,Belt Dressing,C/M Kit 5K,Plastik Bamper Kf Grand R Rl
Kl R.14,Kl R.14,Rored 90 ,F/B Kijang,Plipit Kaca Kf
Antena Veloz,Antena Veloz,O/F Kijang,Regulator Kaca Kf Rh,Mobil Super 5W-30
Shell Hx 7,Shell Hx 7,Tatakan Per Keong Avz Kuning,Putaran Kaca,Meditran SC 5l
O/F Avz,O/F Avz,Shell Hx 5,Kabel Massa 50cm,O/F Panther 2.5
Engine Conditioner,Engine Conditioner,O/F Avz,Battery remot,F/F Elf
Sikring,Sikring,Busi Pemanas GI-031B,Boot As Roda Dalem,A 32
H4 Php 100/130,H4 Php 100/130,F/F L300,K20PRu,Carb Clean
Rellay Set,Rellay Set,O/F PS100,W16,W16
Lamp Led 3Mata,Lamp Led 3Mata,O/F Avz,Boot rack,Sparkbor Futura G
Foglamp Kotak,Foglamp Kotak,P. Ttp Klep Avz,Soket H4,Prima Xp 10W
Lamp Led Merah,Lamp Led Merah,Coolant mega,Prima Xp 20W,A/F Avz
Kabel,Kabel,Bohlam Stanlee,Flasher Sen 7k,F/Ac Veloz
Solasi bakar,Solasi bakar,Minyak Rem,Shell Hx 7,Wiper nd
Bos rack Fut,Bos rack Fut,2345 bando,Shell Hx 7,O/F Avz
H3 Php,H3 Php,GT 13.600,O/F Kijang,TMO 10W
Soket K4,Soket K4,Kl R.13,C/M Kit 5K,TMO 10W
GS Premium 55D23L,GS Premium 55D23L,Plat Kopling Granmax G,Minyak rem,Carb Clean
Bearings R Katana,Bearings R Katana,Dexlaher Avz,E/M Avz Rh Avz,Burgari Inj
C035,C035,Air Aki Zuur,Evalube 90,TMO 10W
Seal Roda r Katana,Seal Roda r Katana,Kl R.13,Karet Support Avz,TMO 10W
Win 90,Win 90,W16,Kit Carb 7K Jp,Noozle Avz
GS Hybird N50Z,GS Hybird N50Z,Cup Radiator,Carb Clean,O/F Innova D2
Shell Hx 6,Shell Hx 6,Carb Clean,mata Shok 16,Psf Stop Leak Prestone
Shell Hx 5,Shell Hx 5,Puller,Rored 90,Tie Rod Granmax 
Brake Shoe Avz G,Brake Shoe Avz G,Prima Xp 20W,Mesran B 1l,Seal P. Steering Rush
Rimulla,Rimulla,Stopper Shock,Spuyer ,Tespen
Rored 90,Rored 90,Slobong Shock ,Switch Mundur Avz,Sealler
O/F Panther 2.5,O/F Panther 2.5,Seal Shock St,Motor Van Avz,Tie Rod Livina
Bohlam Philips,Bohlam Philips,Oring Filter Suzuki,Shell Hx 5,6303 Nsk
Battery 27a,Battery 27a,Oil Shock,O/F r3,Cool Brush Stater
Tie Rod panther Jp,Tie Rod panther Jp,6pk 1640 G,Tensioner Avz,FJ316
Karet Per R Pth/Kf ,Karet Per R Pth/Kf ,Castrol Magnatec 10W,Win 90,Gemuk
Brake Shoe Espass,Brake Shoe Espass,Ac Clean,Handle Bagasi R3,Nitto
Oring Filter,Oring Filter,Burgari Inj,Shell hx 6,ACS0304
Shell Hx 5,Shell Hx 5,O/F Avz,P. Knalpot,Kabel
Shell Hx 6,Shell Hx 6,Aibon,Skun Kabel,Tie Rod Avz
Shell hx 7,Shell hx 7,Fastron 10W,Jumbo treatmen,Rack End Avz
TMO 10W,TMO 10W,F/Ac Veloz,Total 20W,T/M Terios Rh
Shell Hx 5,Shell Hx 5,O/F Avz,P. Ttp klep,Gforce NS60
Shell Hx 7,Shell Hx 7,Engine Flush,Mpx 2,Joint Stir
Coolant Mega,Coolant Mega,Aspira Exposio,Gear Honda,Oring Delco
Gforce Premium N50Z,Gforce Premium N50Z,Sikring Mini,Lamp Plat,Putaran kaca
Support Futura,Support Futura,TMO 10W,Fastron,Rellay Bosch
Stopper Fut,Stopper Fut,TMO 5W,Bos Sayap Avz,Soket Rellay
Carb Clean,Carb Clean,Oring Filter Avz,Ball Joint Avz,P. Ttp Klep Fut
Platina,Platina,TMO 10W,Stabilateral,Mika Stop Fut
C/m Kit 5K,C/m Kit 5K,Doorlock 5K Rh,Carb Clean,Win Sae 90
Rellay Set,Rellay Set,Flasher 7K,Shell Hx 7,Karpet Lantai Futura
Box Rellay,Box Rellay,Ball Joint Granmax,O/F brio,Karpet Trd
Kabel,Kabel,Brake Pad Avz,Carb Clean,Castrol Magnatec 10W
Shell Hx 6,Shell Hx 6,Prestone 10W,Wd 40,Yuasa Pafecta NS40Zl
Rored 90,Rored 90,O/F Avz,master Coolant,H8 Lezen
Shell Spirax 90,Shell Spirax 90,Shell Hx 6,ZFR5F11,Wiper nd
F/Ac Avz,F/Ac Avz,Bearings Roda R Granmax,Minyak rem,Threebond
O/F Avz,O/F Avz,Com Granmax,3400 bando,Brake Pad Avz Mk
Set Kopling Avz 1.3 G Dht,Set Kopling Avz 1.3 G Dht,O/F Vios,Idle Arm Jp,Shell Hx 7
Ball joint Granmax Jp,Ball joint Granmax Jp,Wahser Kf,Tie Rod 7K,O/F Rush
E/M Granmax Rh,E/M Granmax Rh,Parkit Carb 5K Grand,Rack Stir Futura,F/Ac Rush
E/M Granmax Lh,E/M Granmax Lh,3460 bamdo,3360 bando,Wurth Inj
T/M Granmax,T/M Granmax,2350 G,Lower Arm Granmax ,GS MF NS60
Flasher St,Flasher St,3400 Bando,4pk 815,Air Aki Zuur
A/F Avz,A/F Avz,P. Ttp Klep Avz,Gs hybird NS70,Selang radiator
Link Stabil Avz Jp,Link Stabil Avz Jp,P. Ttp Klep Innv G,Semir ban Kit,Rack End Calya
Wiper Nd,Wiper Nd,Seal Busi Innv,Shampoo Kit,Lower Arm Apv G
Xu22,Xu22,Burgari Inj,Kepala Aki,Mata Shock 21
Fastron,Fastron,P. Head Apv,F/B S89,A/F Honda
Shell hx 7,Shell hx 7,Selang radiator Kf 20,Carb Clean,Bohlam Stanlee
Rored 90,Rored 90,Threebond,Rimulla,GS Hybird N50Z
Shell Hx 6,Shell Hx 6,Minyak Rem,F/F PS100 Low,Karet Shockbreaker
O/F Avz,O/F Avz,Kabel Coil,F/F Hino,Stop Lamp Kf
Starter Assy 7K Tsunwa,Starter Assy 7K Tsunwa,Klem Selang,Carb Clean,Kabel
Bos Sayap Granmax,Bos Sayap Granmax,Selang Abu,Carb Clean,Nitto
Flasher Sen canter,Flasher Sen canter,2350 G,Shell Spirax CVt,Soket H4
Soket K6,Soket K6,Breket Aki Big,Semir ban Kit,Brake Shoe Kf
Kunci Pintu Raiton 3P,Kunci Pintu Raiton 3P,Sealler,Bos Stir St,Vacum Delco 7K nd
Minyak Rem,Minyak Rem,6301 nsk,Prima Xp 20W,Fastron LCGC
Ecstar 10W,Ecstar 10W,Worm Stir Futura,Seal krek As R Avz,O/F Avz
A/F Fut Inj,A/F Fut Inj,Minyak Rem,Seal Pully Avz,A/F Avz
O/F Apv,O/F Apv,Lamp Box,O/F Avz,Burgari Inj
F/Ac R3,F/Ac R3,Link Stabil Avz,Baut Roda,Atf Win
Mesran Super,Mesran Super,W/C R Avz Advics,Bohlam Stanlee,Rored 90
A 38,A 38,C/O Assy Granmax,Carb Clean,Castrol Magntec
Oli Mesin Drum,Oli Mesin Drum,Minyak Rem,Shell Hx 5,O/F Avz
Oli Mesin Drum,Oli Mesin Drum,Fuel Pump S89 Nd,A/F jazz,Threebond
Yoke Sleeve kf,Yoke Sleeve kf,6205 Nkn,O/F jazz,Wurth Inj
GUT 13,GUT 13,Gemuk Kcl,P. karter,XU22
Seal Transmisi R Kf,Seal Transmisi R Kf,Shell Hx 6,P. top Set,Selang Meteran
Win 90,Win 90,O/F Avz,Amril,Selang Fuel
Talang Air Kijang,Talang Air Kijang,A/F Avz 2017,Support Avz,Coil Apv G
Liner All New Avz Rh,Liner All New Avz Rh,F/Ac R3,Link Stabil,Kabel Busi Apv
H4 Php,H4 Php,Prima Xp 20W,Shell Hx 7,Coil Granmax
Seal krek As R Granmax,Seal krek As R Granmax,Carb Clean,O/F Avz,Xu22
Carb Clean,Carb Clean,Karet Ganjel bagasi,Air Aki,Link Stabil R3
Yuasa pafecta NS40ZL,Yuasa pafecta NS40ZL,Shock F Avz All New,3490 bando,Plat Kopling 5K
ISC Granmax G,ISC Granmax G,Kabel Km Panther G,Soket kabel,Dekrup 5K
Gemuk pel,Gemuk pel,Klakson Nd,Lamp Sen Kf Grand,Dexlaher kf
Wiper R Avz Bosch,Wiper R Avz Bosch,Rellay hella,Kabel Massa 50cm,Gemuk Kcl
Slongsong Coil Livina,Slongsong Coil Livina,Soket rellay,Air Aki,Seal Krek As R Kijang
6202 Nsk,6202 Nsk,Soket k1,Plat Kopling L300D G,GUT 13
B-15 Nsk,B-15 Nsk,Skun kabel,Dekrup L300D G,Oli mesin Drum
TMO 10W,TMO 10W,Rored 90 ,Dexlaher L300,T/M Granmax G
Meditran S 10l,Meditran S 10l,Minyak Rem,Mesran B 4l,Deexlaher Granmax
Threebond,Threebond,Gemuk Top,Switch Oli,Win 90 1l
6305 nsk,6305 nsk,Nitto,Mesran Super,GS Hybiird NS40Z
5465 bando,5465 bando,Seal Transmisi F Avz,Mesran B,O/F St
Gemuk pel,Gemuk pel,Shell Hx 5,TMO 10W,Shell Hx 5
Shell Hx 5,Shell Hx 5,O/F Nissan,Mesran Super,Carb Clean
6203 nsk,6203 nsk,Total 20W,Shell hx 7,Threebond
Burgari Inj,Burgari Inj,Pipa Radiator,O/F Avz,Sel tape
Mata Shok 24,Mata Shok 24,H11 24V,Support Avz,Bohlam Plafon
Mata Shok 8,Mata Shok 8,A/F Avz,Link Stabil Avz,Karet per Keong Avz 
Brake Pad Avz,Brake Pad Avz,H4 Php,O/F Avz Dht,Stabilateral Avz
Brake Shoe Agya,Brake Shoe Agya,Burgari Inj,Threebond,Booster St100
Castrol Magnatec,Castrol Magnatec,Wiper nd,Head Pompa Solar L300,A/F canter
Burgari Inj,Burgari Inj,Bohlam Stanlee,Plipit Kaca Avz 2011,Sealler
Carb Clean,Carb Clean,Coolant mega,Ratak Birkens,Klem Selang
Shell Hx 6,Shell Hx 6,H11 RWb,Kabel Gas Fut,Coolant Mega
Coolant mega,Coolant mega,Ac Clean,Prima Xp 20W,Minyak Rem
Stopper Shok Avz,Stopper Shok Avz,Wd 40,Draglink Panther,Siwtch Temo Avz g
Bohlam Stanlee,Bohlam Stanlee,P. Ttp Klep yaris G,KR6A,Brake Pad Avz Mk
shel hx 5,shel hx 5,Nitto,P. Ttp Klep R3,Brake Shoe Avz
Carb Clean,Carb Clean,Slongsong kabel,Bos Stir Fut G,Coolant master
bon pak ardi,bon pak ardi,Minyak Rem,Putaran Kaca,Water Pump 7K
klakson disc,klakson disc,C/M Kit PS100,Knop Pintu,Sealler kcl
Pemb Bon Ryan Mx,Pemb Bon Ryan Mx,Shell Hx 5,Pemb Bon Ryan Mx,Shell Hx 5
Air Aki Zuur,Air Aki Zuur,Meditran S 5l,Air Aki Zuur,Cup Radiator Avz Nd
Shell Hx 5,Shell Hx 5,O/F Livina,Shell Hx 5,E/M R3 PHK
Shell Hx 7 ,Shell Hx 7 ,O/F Avz,Shell Hx 7 ,Prima Xp 20W
Prestone 10W,Prestone 10W,E/M Livina Blk,Prestone 10W,F/F Elf
O/F Apv,O/F Apv,Rored 90,O/F Apv,Shell Hx 5
Shell Ax Scooter,Shell Ax Scooter,Minyak Rem,Shell Ax Scooter,Rored 90
Tespen,Tespen,Insulog,Tespen,O/F Apv
Coil K3 Biasa,Coil K3 Biasa,Soket Kabel,Coil K3 Biasa,Full Set Apv
Kl R.13,Kl R.13,Honda 0W,Kl R.13,BKR6E11
Selang Meteran,Selang Meteran,O/F Honda,Selang Meteran,Shell Hx 7
Bon Vandydar,Bon Vandydar,A/F Mobilio,Bon Vandydar,O/F Xenia
Mesran Super,Mesran Super,F/Ac Mobilio,Mesran Super,Set Kopling Avz 1.3 G
Soket H4,Soket H4,Brake pad Mobilo Birkens,Soket H4,Vbelt 4pk 1735 G
Fitting Lamp,Fitting Lamp,Minyak Rem,Fitting Lamp,B/M Assy Innova Mnl TRW
Shell Hx 6,Shell Hx 6,Talang Air Traga,Shell Hx 6,Support Livina
Minyak Rem,Minyak Rem,H4 Php,Minyak Rem,Bohlam Stanlee
O/F Avz,O/F Avz,Soket H4,O/F Avz,Shell Hx 5
Compon Kit,Compon Kit,Rellay Bosch,Compon Kit,O/F Granmax
Belt Dressing,Belt Dressing,Plastik Bamper Kf Grand R Rl,Belt Dressing,3400 bando
Rored 90 ,Rored 90 ,Plipit Kaca Kf,Rored 90 ,Prima Xp 20W
O/F Kijang,O/F Kijang,Mobil Super 5W-30,O/F Kijang,4pk 815
Tatakan Per Keong Avz Kuning,Tatakan Per Keong Avz Kuning,Meditran SC 5l,Tatakan Per Keong Avz Kuning,6205 Nsk
Shell Hx 5,Shell Hx 5,O/F Panther 2.5,Shell Hx 5,Carb Clean
O/F Avz,O/F Avz,F/F Elf,O/F Avz,Handle Luar Avz
Busi Pemanas GI-031B,Busi Pemanas GI-031B,A 32,Busi Pemanas GI-031B,6301 Nsk
F/F L300,F/F L300,Carb Clean,F/F L300,Head Lamp Granmax Lh
O/F PS100,O/F PS100,W16,O/F PS100,Coolant mega
O/F Avz,O/F Avz,Sparkbor Futura G,O/F Avz,H4 Php
P. Ttp Klep Avz,P. Ttp Klep Avz,Prima Xp 10W,P. Ttp Klep Avz,Bohlam Philips
Coolant mega,Coolant mega,A/F Avz,Coolant mega,TMO 0W
Bohlam Stanlee,Bohlam Stanlee,F/Ac Veloz,Bohlam Stanlee,A/F Avz 2017
Minyak Rem,Minyak Rem,Wiper nd,Minyak Rem,O/F Avz
2345 bando,2345 bando,O/F Avz,2345 bando,F/Ac R3
GT 13.600,GT 13.600,TMO 10W,GT 13.600,Wurth Inj
Kl R.13,Kl R.13,TMO 10W,Kl R.13,Win 90
Plat Kopling Granmax G,Plat Kopling Granmax G,Carb Clean,Plat Kopling Granmax G,Slongsong kabel
Dexlaher Avz,Dexlaher Avz,Burgari Inj,Dexlaher Avz,Slongsong kabel
Air Aki Zuur,Air Aki Zuur,TMO 10W,Air Aki Zuur,Prima Xp 20W
Kl R.13,Kl R.13,TMO 10W,Kl R.13,Mesran B 5l
W16,W16,Noozle Avz,W16,Prima Xp 10W
Cup Radiator,Cup Radiator,O/F Innova D2,Cup Radiator,Minyak Rem
Carb Clean,Carb Clean,Psf Stop Leak Prestone,Carb Clean,A/F Futura Inj
Puller,Puller,Tie Rod Granmax ,Puller,2275 bando
Prima Xp 20W,Prima Xp 20W,Seal P. Steering Rush,Prima Xp 20W,3pk 625
Stopper Shock,Stopper Shock,Tespen,Stopper Shock,4pk 715
Slobong Shock ,Slobong Shock ,Sealler,Slobong Shock ,Baut 12
Seal Shock St,Seal Shock St,Tie Rod Livina,Seal Shock St,Rellay Bosch
Oring Filter Suzuki,Oring Filter Suzuki,6303 Nsk,Oring Filter Suzuki,Wiper R Avz
Oil Shock,Oil Shock,Cool Brush Stater,Oil Shock,Lamp Seri
6pk 1640 G,6pk 1640 G,FJ316,6pk 1640 G,Crystal Jk
Castrol Magnatec 10W,Castrol Magnatec 10W,Gemuk,Castrol Magnatec 10W,Handle In Kuda Rh
Ac Clean,Ac Clean,Nitto,Ac Clean,Vbelt 4pk 1735 G
Burgari Inj,Burgari Inj,ACS0304,Burgari Inj,Oli Hydraulic
O/F Avz,O/F Avz,Kabel,O/F Avz,Top 1 Atf MV
Aibon,Aibon,Tie Rod Avz,Aibon,Win 20W
Fastron 10W,Fastron 10W,Rack End Avz,Fastron 10W,Win 20W
F/Ac Veloz,F/Ac Veloz,T/M Terios Rh,F/Ac Veloz,A/F Avz
O/F Avz,O/F Avz,Gforce NS60,O/F Avz,Carb Clean
Engine Flush,Engine Flush,Joint Stir,Engine Flush,Belt Dressing
Aspira Exposio,Aspira Exposio,Oring Delco,Aspira Exposio,Doorlock Granmax
Sikring Mini,Sikring Mini,Putaran kaca,Sikring Mini,Minyak Rem
TMO 10W,TMO 10W,Rellay Bosch,TMO 10W,Handle Pull St
TMO 5W,TMO 5W,Soket Rellay,TMO 5W,Bohlam Philips
Oring Filter Avz,Oring Filter Avz,P. Ttp Klep Fut,Oring Filter Avz,Gromet Steering Avz
TMO 10W,TMO 10W,Mika Stop Fut,TMO 10W,A/F Avz
Doorlock 5K Rh,Doorlock 5K Rh,Win Sae 90,Doorlock 5K Rh,Shell Hx 5
Flasher 7K,Flasher 7K,Karpet Lantai Futura,Flasher 7K,Busi Nissan
Ball Joint Granmax,Ball Joint Granmax,Karpet Trd,Ball Joint Granmax,Brake Shoe Livina
Brake Pad Avz,Brake Pad Avz,Castrol Magnatec 10W,Brake Pad Avz,Minyak Rem
Prestone 10W,Prestone 10W,Yuasa Pafecta NS40Zl,Prestone 10W,Carb Clean
O/F Avz,O/F Avz,H8 Lezen,O/F Avz,47575R
Shell Hx 6,Shell Hx 6,Wiper nd,Shell Hx 6,O/F Nissan
Bearings Roda R Granmax,Bearings Roda R Granmax,Threebond,Bearings Roda R Granmax,Bearings R 5K
Com Granmax,Com Granmax,Brake Pad Avz Mk,Com Granmax,C014
O/F Vios,O/F Vios,Shell Hx 7,O/F Vios,Minyak Rem
Wahser Kf,Wahser Kf,O/F Rush,Wahser Kf,3536R
Parkit Carb 5K Grand,Parkit Carb 5K Grand,F/Ac Rush,Parkit Carb 5K Grand,Seal Roda R Kf
3460 bamdo,3460 bamdo,Wurth Inj,3460 bamdo,C/O Assy L300
2350 G,2350 G,GS MF NS60,2350 G,P. As Roda PS100
3400 Bando,3400 Bando,Air Aki Zuur,3400 Bando,Lamp Box 24v
P. Ttp Klep Avz,P. Ttp Klep Avz,Selang radiator,P. Ttp Klep Avz,Bohlam Stanlee
P. Ttp Klep Innv G,P. Ttp Klep Innv G,Rack End Calya,P. Ttp Klep Innv G,Mika Stop St PU
Seal Busi Innv,Seal Busi Innv,Lower Arm Apv G,Seal Busi Innv,Mika Sen PS135
Burgari Inj,Burgari Inj,Mata Shock 21,Burgari Inj,Seal P. Steering Avz low
P. Head Apv,P. Head Apv,A/F Honda,P. Head Apv,HB4
Selang radiator Kf 20,Selang radiator Kf 20,Bohlam Stanlee,Selang radiator Kf 20,Bohlam Philips
Threebond,Threebond,GS Hybird N50Z,Threebond,Lamp Plafon
Minyak Rem,Minyak Rem,Karet Shockbreaker,Minyak Rem,A 48
Kabel Coil,Kabel Coil,Stop Lamp Kf,Kabel Coil,A 49
Klem Selang,Klem Selang,Kabel,Klem Selang,H16
Selang Abu,Selang Abu,Nitto,Selang Abu,H7 Php
2350 G,2350 G,Soket H4,2350 G,Plat Bolong
Breket Aki Big,Breket Aki Big,Brake Shoe Kf,Breket Aki Big,Coil Vios G
Sealler,Sealler,Vacum Delco 7K nd,Sealler,W/C Kijang
6301 nsk,6301 nsk,Fastron LCGC,6301 nsk,Minyak Rem
Worm Stir Futura,Worm Stir Futura,O/F Avz,Worm Stir Futura,Pistone Kaliper Kf
Minyak Rem,Minyak Rem,A/F Avz,Minyak Rem,Kaliperkit Kf
Lamp Box,Lamp Box,Burgari Inj,Lamp Box,Minyak Rem
Link Stabil Avz,Link Stabil Avz,Atf Win,Link Stabil Avz,Brake pad Kf
W/C R Avz Advics,W/C R Avz Advics,Rored 90,W/C R Avz Advics,Selang Fleksible 7K
C/O Assy Granmax,C/O Assy Granmax,Castrol Magntec,C/O Assy Granmax,O/F Kijang
Minyak Rem,Minyak Rem,O/F Avz,Minyak Rem,Shell Hx 5
Fuel Pump S89 Nd,Fuel Pump S89 Nd,Threebond,Fuel Pump S89 Nd,Wurth Coolant
6205 Nkn,6205 Nkn,Wurth Inj,6205 Nkn,Oring
Gemuk Kcl,Gemuk Kcl,XU22,Gemuk Kcl,Support R3
Shell Hx 6,Shell Hx 6,Selang Meteran,Shell Hx 6,Stopper Shock Avz
O/F Avz,O/F Avz,Selang Fuel,O/F Avz,Meditran S 5l
A/F Avz 2017,A/F Avz 2017,Coil Apv G,A/F Avz 2017,O/F panther 2.3
F/Ac R3,F/Ac R3,Kabel Busi Apv,F/Ac R3,Shell Hx 7
Prima Xp 20W,Prima Xp 20W,Coil Granmax,Prima Xp 20W,A/F Avz 2017
Carb Clean,Carb Clean,Xu22,Carb Clean,Wd 40
Karet Ganjel bagasi,Karet Ganjel bagasi,Link Stabil R3,Karet Ganjel bagasi,F/Ac Avz
Shock F Avz All New,Shock F Avz All New,Plat Kopling 5K,Shock F Avz All New,Carb Clean
Kabel Km Panther G,Kabel Km Panther G,Dekrup 5K,Kabel Km Panther G,O/F Avz
Klakson Nd,Klakson Nd,Dexlaher kf,Klakson Nd,Link Stabil Livina
Rellay hella,Rellay hella,Gemuk Kcl,Rellay hella,Ring Solar
Soket rellay,Soket rellay,Seal Krek As R Kijang,Soket rellay,Prima Xp 20W
Soket k1,Soket k1,GUT 13,Soket k1,O/F Kijang
Skun kabel,Skun kabel,Oli mesin Drum,Skun kabel,3390 bando
Rored 90 ,Rored 90 ,T/M Granmax G,Rored 90 ,Fastron
Minyak Rem,Minyak Rem,Deexlaher Granmax,Minyak Rem,Brake Pad Avz Bendix
Gemuk Top,Gemuk Top,Win 90 1l,Gemuk Top,H4 Php
Nitto,Nitto,GS Hybiird NS40Z,Nitto,HB4
Seal Transmisi F Avz,Seal Transmisi F Avz,O/F St,Seal Transmisi F Avz,H11 
Shell Hx 5,Shell Hx 5,Shell Hx 5,Shell Hx 5,Selang Rem
O/F Nissan,O/F Nissan,Carb Clean,O/F Nissan,Minyak rem
Total 20W,Total 20W,Threebond,Total 20W,Coolant mega
Pipa Radiator,Pipa Radiator,Sel tape,Pipa Radiator,6000 Ntn
H11 24V,H11 24V,Bohlam Plafon,H11 24V,Wiper Nd
A/F Avz,A/F Avz,Karet per Keong Avz ,A/F Avz,Rored 90
H4 Php,H4 Php,Stabilateral Avz,H4 Php,Kabel Roll
Burgari Inj,Burgari Inj,Booster St100,Burgari Inj,Slongsong kabel
Wiper nd,Wiper nd,A/F canter,Wiper nd,Slongsong kabel
Bohlam Stanlee,Bohlam Stanlee,Sealler,Bohlam Stanlee,A/F Elf
Coolant mega,Coolant mega,Klem Selang,Coolant mega,F/F Elf
H11 RWb,H11 RWb,Coolant Mega,H11 RWb,Coil Cadic Avz Non vvti
Ac Clean,Ac Clean,Minyak Rem,Ac Clean,Selang Fleksible Rem
Wd 40,Wd 40,Siwtch Temo Avz g,Wd 40,Shockbreaker F Avz 2012
P. Ttp Klep yaris G,P. Ttp Klep yaris G,Brake Pad Avz Mk,P. Ttp Klep yaris G,Rellay Bosch
Nitto,Nitto,Brake Shoe Avz,Nitto,Castrol Magnatec
Slongsong kabel,Slongsong kabel,Coolant master,Slongsong kabel,O/F Tis
Minyak Rem,Minyak Rem,Water Pump 7K,Minyak Rem,Meditran S 5l
C/M Kit PS100,C/M Kit PS100,Sealler kcl,C/M Kit PS100,Selang radiator Xenia 1.0 G
